date,date_utc,hard_coal,coal-derived,lignite,gas,oil,biomass,wind_onshore,solar,hydro_pumped_storage,hydro_run-of-river_and_poundage,hydro_water_reservoir,other,other_renewable
13.04.2026 00:00,12.04.2026 22:00,5321.34,150.01,3304.61,2382.15,174.81,337.53,4163.23,0.00,0.00,116.42,31.29,642.68,73.22
13.04.2026 00:15,12.04.2026 22:15,5303.52,150.19,3352.52,2173.02,174.81,337.00,4116.61,0.00,0.00,113.76,30.48,643.17,73.28
13.04.2026 00:30,12.04.2026 22:30,5398.60,150.64,3469.93,2159.82,173.29,341.59,4074.12,0.00,0.00,116.12,31.29,649.77,73.96
13.04.2026 00:45,12.04.2026 22:45,5519.37,153.12,3493.57,2238.28,174.34,340.10,4045.11,0.00,0.00,116.12,31.29,652.67,74.27
13.04.2026 01:00,12.04.2026 23:00,5687.34,153.91,3556.18,2210.80,175.69,340.69,4001.21,0.00,0.00,116.01,31.27,651.81,74.17
13.04.2026 01:15,12.04.2026 23:15,5570.17,154.49,3511.02,2337.50,173.71,340.14,4034.61,0.00,0.00,116.41,31.27,651.11,74.07
13.04.2026 01:30,12.04.2026 23:30,5608.96,154.16,3511.38,2362.68,173.61,337.48,4076.96,0.00,0.00,116.61,31.27,652.11,74.18
13.04.2026 01:45,12.04.2026 23:45,5576.74,154.21,3565.81,2334.73,174.50,340.13,4037.75,0.00,0.00,116.31,31.27,651.75,74.16
13.04.2026 02:00,13.04.2026 00:00,5709.28,154.13,3499.94,2316.87,174.70,337.20,4020.19,0.00,0.00,116.42,31.29,646.59,73.64
13.04.2026 02:15,13.04.2026 00:15,5699.16,156.59,3500.82,2302.37,175.89,341.34,4025.06,0.00,0.00,116.42,31.29,648.90,73.87
13.04.2026 02:30,13.04.2026 00:30,5513.59,155.82,3389.68,2310.84,173.02,336.60,4061.79,0.00,0.00,116.42,31.29,647.12,73.66
13.04.2026 02:45,13.04.2026 00:45,5585.67,155.15,3399.82,2324.09,174.22,338.25,4146.65,0.00,0.00,116.22,31.29,650.48,73.97
13.04.2026 03:00,13.04.2026 01:00,5615.15,156.23,3472.83,2251.45,174.48,338.90,4156.38,0.00,0.00,116.40,31.27,647.87,73.79
13.04.2026 03:15,13.04.2026 01:15,5668.76,156.38,3518.12,2173.18,174.22,339.88,4183.14,0.00,0.00,115.80,31.27,648.38,73.81
13.04.2026 03:30,13.04.2026 01:30,5677.02,155.80,3436.18,2200.36,174.22,338.97,4191.33,0.00,0.00,116.20,31.27,649.15,73.88
13.04.2026 03:45,13.04.2026 01:45,5440.70,155.45,3384.20,2254.57,173.60,337.69,4282.21,0.00,0.00,115.70,31.27,649.41,73.92
13.04.2026 04:00,13.04.2026 02:00,5428.67,151.69,3328.46,2597.62,174.46,338.77,4314.05,0.00,0.00,116.28,31.27,648.45,73.83
13.04.2026 04:15,13.04.2026 02:15,5590.18,151.02,3439.11,2393.29,174.93,337.46,4401.44,0.00,0.00,116.28,31.27,650.03,74.02
13.04.2026 04:30,13.04.2026 02:30,5653.10,153.82,3454.07,2533.15,175.92,339.25,4464.79,0.00,0.00,116.28,31.27,648.05,73.80
13.04.2026 04:45,13.04.2026 02:45,5539.05,151.42,3453.90,2584.90,176.54,338.27,4544.78,0.00,0.00,116.38,31.27,653.83,74.41
13.04.2026 05:00,13.04.2026 03:00,5691.48,153.63,3484.41,2536.35,178.47,335.76,4633.62,0.00,0.00,117.15,31.53,656.94,74.58
13.04.2026 05:15,13.04.2026 03:15,5845.96,154.35,3628.85,2664.75,178.89,336.94,4684.24,16.68,0.00,117.45,31.53,652.63,74.03
13.04.2026 05:30,13.04.2026 03:30,5878.93,154.19,3595.76,2360.15,178.63,338.44,4738.31,42.28,0.00,116.85,31.53,658.84,74.71
13.04.2026 05:45,13.04.2026 03:45,5931.11,155.00,3536.55,2621.72,175.26,338.45,4732.94,157.83,0.00,116.55,44.63,657.15,74.47
13.04.2026 06:00,13.04.2026 04:00,6421.88,154.25,3848.00,2637.36,177.84,338.27,4744.98,274.82,93.40,130.19,116.22,662.26,75.14
13.04.2026 06:15,13.04.2026 04:15,6824.76,154.78,3976.01,2713.55,178.86,343.10,4643.17,555.31,93.50,129.89,113.57,665.46,75.43
13.04.2026 06:30,13.04.2026 04:30,6978.50,155.11,4010.88,2648.93,179.69,342.56,4557.43,862.43,94.60,129.99,117.89,663.86,75.24
13.04.2026 06:45,13.04.2026 04:45,6795.77,155.08,3925.02,2679.56,178.71,336.10,4482.74,1337.75,94.10,130.09,117.31,662.97,75.15
13.04.2026 07:00,13.04.2026 05:00,6836.04,155.05,3887.95,2755.91,177.90,338.37,4281.69,1765.71,134.20,137.79,107.71,662.36,75.06
13.04.2026 07:15,13.04.2026 05:15,7009.23,155.06,3925.92,2943.76,178.66,339.60,4134.05,2276.38,134.10,137.69,107.69,662.48,74.95
13.04.2026 07:30,13.04.2026 05:30,7042.78,155.09,3949.16,2768.61,176.02,339.87,3894.95,2778.23,134.00,137.79,107.54,663.50,75.14
13.04.2026 07:45,13.04.2026 05:45,6979.93,156.71,3938.04,2938.37,173.57,335.17,3622.95,3413.63,133.40,138.19,107.74,659.77,74.73
13.04.2026 08:00,13.04.2026 06:00,7219.53,151.73,3889.32,3055.08,174.31,333.15,3448.91,3936.95,0.00,135.65,92.59,654.39,74.30
13.04.2026 08:15,13.04.2026 06:15,7200.80,155.68,3764.24,3042.72,173.89,335.91,3332.76,4741.43,0.00,135.35,57.79,661.10,74.63
13.04.2026 08:30,13.04.2026 06:30,7022.19,152.20,3655.78,2939.89,172.77,334.72,3297.02,5528.71,0.00,135.75,65.57,644.94,73.17
13.04.2026 08:45,13.04.2026 06:45,6599.27,150.57,3560.19,2816.22,172.82,332.27,3312.45,6314.31,0.00,135.45,58.17,644.23,73.21
13.04.2026 09:00,13.04.2026 07:00,6134.28,149.83,3597.55,2764.79,171.67,325.00,3461.95,6976.72,0.00,126.07,81.71,629.77,71.80
13.04.2026 09:15,13.04.2026 07:15,5667.29,149.91,3356.67,2320.28,171.82,328.38,3647.51,7719.05,0.00,126.37,34.47,630.70,71.89
13.04.2026 09:30,13.04.2026 07:30,5226.30,149.09,2835.92,1876.24,172.24,326.99,3807.69,8269.32,0.00,126.17,34.47,636.44,72.49
13.04.2026 09:45,13.04.2026 07:45,4873.32,148.71,2461.05,2040.04,171.41,325.87,4011.72,8588.84,0.00,126.67,34.47,627.15,71.53
13.04.2026 10:00,13.04.2026 08:00,4901.63,148.63,2385.83,2137.52,170.05,309.29,3863.29,9057.78,0.00,123.28,33.50,603.38,69.38
13.04.2026 10:15,13.04.2026 08:15,4783.22,147.83,2287.27,2249.10,170.10,307.68,3997.66,9303.74,0.00,123.28,33.50,590.35,68.08
13.04.2026 10:30,13.04.2026 08:30,4452.05,145.66,2130.66,1986.41,170.42,312.82,4161.30,9527.47,0.00,123.28,33.50,596.97,68.80
13.04.2026 10:45,13.04.2026 08:45,4487.91,147.08,2154.96,1777.97,169.84,306.77,4295.33,9643.69,0.00,123.18,33.50,589.39,67.97
13.04.2026 11:00,13.04.2026 09:00,4525.05,146.95,2186.18,1876.85,170.08,307.57,4283.03,9613.84,0.00,122.35,33.16,592.17,68.23
13.04.2026 11:15,13.04.2026 09:15,4653.24,147.84,2225.83,2073.66,169.61,305.26,4447.06,9815.21,0.00,122.05,33.16,590.81,68.11
13.04.2026 11:30,13.04.2026 09:30,4539.77,147.29,2208.52,2051.01,170.08,304.64,4486.07,10115.59,0.00,122.25,33.16,593.01,68.32
13.04.2026 11:45,13.04.2026 09:45,4499.79,146.86,2201.59,1861.55,170.39,304.94,4439.05,9992.07,0.00,121.95,33.16,598.41,68.78
13.04.2026 12:00,13.04.2026 10:00,4543.34,147.50,2224.80,2003.65,167.90,307.43,4528.40,9827.87,0.00,115.86,31.13,596.70,68.59
13.04.2026 12:15,13.04.2026 10:15,4460.61,149.28,2191.63,1951.59,168.69,309.19,4599.70,10128.39,0.00,116.26,31.13,592.67,68.22
13.04.2026 12:30,13.04.2026 10:30,4438.37,148.22,2202.11,1919.47,168.53,308.79,4637.24,10086.43,0.00,115.96,31.13,596.01,68.58
13.04.2026 12:45,13.04.2026 10:45,4463.25,148.09,2202.34,1890.46,167.60,309.41,4655.32,10341.41,0.00,116.36,31.13,593.62,68.29
13.04.2026 13:00,13.04.2026 11:00,4455.35,148.68,2194.89,1837.98,167.81,310.50,4841.45,10272.13,0.00,116.22,31.16,596.53,68.66
13.04.2026 13:15,13.04.2026 11:15,4441.51,149.55,2194.13,1750.52,166.84,310.90,4954.82,10078.55,0.00,116.52,31.16,592.94,68.33
13.04.2026 13:30,13.04.2026 11:30,4436.54,149.57,2186.95,1861.98,166.85,307.39,4921.88,9945.74,0.00,116.62,31.16,594.47,68.52
13.04.2026 13:45,13.04.2026 11:45,4436.74,149.22,2125.40,1674.31,165.96,305.43,5038.20,9950.47,0.00,115.92,31.16,592.42,68.29
13.04.2026 14:00,13.04.2026 12:00,4433.65,148.95,2183.66,1693.92,166.71,296.46,4951.78,9228.30,0.00,116.20,31.06,597.74,68.85
13.04.2026 14:15,13.04.2026 12:15,4580.94,148.72,2219.52,1835.32,165.56,298.27,5078.02,9052.41,0.00,116.20,31.06,593.32,68.34
13.04.2026 14:30,13.04.2026 12:30,4727.63,148.63,2288.51,2046.92,164.93,298.88,5020.17,8906.01,0.00,115.91,31.06,588.77,67.85
13.04.2026 14:45,13.04.2026 12:45,4747.58,147.25,2323.00,2096.41,167.21,302.89,5188.53,8378.00,0.00,116.11,31.06,595.27,68.57
13.04.2026 15:00,13.04.2026 13:00,4395.66,149.01,2137.06,1782.65,168.75,300.64,5914.91,8400.99,0.00,116.07,31.04,603.11,69.21
13.04.2026 15:15,13.04.2026 13:15,4579.63,149.50,2302.22,1851.58,166.99,303.65,6077.06,7761.74,0.00,115.77,31.04,610.55,70.00
13.04.2026 15:30,13.04.2026 13:30,4712.58,149.90,2393.64,1885.79,168.29,305.24,6081.61,7350.20,0.00,116.37,31.04,609.44,69.83
13.04.2026 15:45,13.04.2026 13:45,4770.10,149.88,2460.30,2131.17,166.52,306.58,6124.23,6859.69,0.00,116.17,31.04,609.73,69.85
13.04.2026 16:00,13.04.2026 14:00,4463.90,149.52,2266.13,1895.67,166.28,305.83,6435.47,6283.02,0.00,119.67,32.34,610.17,69.91
13.04.2026 16:15,13.04.2026 14:15,4731.54,149.34,2448.23,2163.76,166.64,304.83,6491.09,5786.79,0.00,119.86,32.34,607.72,69.68
13.04.2026 16:30,13.04.2026 14:30,5035.22,154.09,2658.65,2050.27,168.67,309.74,6428.35,5202.74,0.00,120.27,32.34,614.37,70.03
13.04.2026 16:45,13.04.2026 14:45,5268.02,152.44,2826.56,2294.41,168.16,324.48,6435.79,4413.95,0.00,119.77,32.34,612.65,70.07
13.04.2026 17:00,13.04.2026 15:00,5914.51,154.24,3043.87,2487.63,168.23,330.46,6367.51,3832.33,447.10,132.86,91.81,634.49,71.75
13.04.2026 17:15,13.04.2026 15:15,6344.90,154.95,3250.63,2555.86,170.83,331.97,6391.45,3097.63,290.60,132.86,57.72,641.86,72.47
13.04.2026 17:30,13.04.2026 15:30,6432.44,154.60,3456.02,2597.83,169.42,336.01,6351.44,2666.57,348.00,132.76,57.57,649.07,73.20
13.04.2026 17:45,13.04.2026 15:45,6360.00,154.67,3507.07,2716.08,169.38,340.93,6390.59,2140.49,349.85,133.06,74.11,652.88,73.64
13.04.2026 18:00,13.04.2026 16:00,6306.78,153.03,3627.27,2760.26,171.26,341.27,6211.49,1711.17,473.93,137.17,140.62,654.35,73.79
13.04.2026 18:15,13.04.2026 16:15,6206.96,152.93,3780.09,2765.45,171.30,343.52,6094.27,1227.57,487.84,137.38,145.95,659.00,74.24
13.04.2026 18:30,13.04.2026 16:30,6091.53,155.28,3833.76,2753.55,169.84,344.25,5930.54,915.70,631.53,137.37,145.31,656.85,74.01
13.04.2026 18:45,13.04.2026 16:45,6452.12,156.01,3933.31,2963.04,170.40,342.28,5759.59,563.54,630.13,137.37,165.70,655.71,73.79
13.04.2026 19:00,13.04.2026 17:00,6369.83,156.50,4061.75,2796.12,169.94,342.22,5725.08,321.28,787.63,159.53,194.72,660.01,74.25
13.04.2026 19:15,13.04.2026 17:15,6336.70,155.84,4160.47,2787.65,169.89,339.14,5648.25,151.80,786.86,159.83,194.54,660.01,74.22
13.04.2026 19:30,13.04.2026 17:30,6622.07,156.11,4278.53,3001.35,170.50,341.87,5713.83,115.14,785.54,160.03,202.89,666.62,74.86
13.04.2026 19:45,13.04.2026 17:45,6788.75,156.09,4439.09,3289.26,169.89,340.19,5818.82,202.36,825.87,159.63,198.68,667.76,75.02
13.04.2026 20:00,13.04.2026 18:00,6587.58,158.01,4433.78,3220.66,170.07,344.66,5859.07,0.00,781.70,155.82,193.27,665.04,74.66
13.04.2026 20:15,13.04.2026 18:15,6541.97,157.85,4438.54,3050.35,170.54,342.19,6021.82,0.00,781.22,155.72,193.54,666.07,74.83
13.04.2026 20:30,13.04.2026 18:30,6571.82,156.88,4448.05,3054.10,170.58,344.15,6123.90,0.00,782.27,155.72,192.97,661.16,74.28
13.04.2026 20:45,13.04.2026 18:45,6740.35,154.10,4455.80,2843.25,171.63,345.85,6107.07,0.00,781.82,155.82,200.19,664.03,74.69
13.04.2026 21:00,13.04.2026 19:00,6665.57,156.88,4509.16,2840.36,171.50,341.90,6197.04,0.00,682.70,123.26,160.36,665.81,74.79
13.04.2026 21:15,13.04.2026 19:15,6421.93,157.74,4479.26,2835.94,173.12,345.80,6295.44,0.00,540.93,123.06,160.37,662.46,74.61
13.04.2026 21:30,13.04.2026 19:30,6276.20,157.34,4470.77,2559.44,172.24,345.14,6344.72,0.00,541.39,123.06,160.36,660.65,74.33
13.04.2026 21:45,13.04.2026 19:45,6296.64,156.44,4313.52,2339.83,173.27,346.70,6409.09,0.00,407.26,122.86,120.88,662.76,74.52
13.04.2026 22:00,13.04.2026 20:00,6283.37,155.84,4241.46,2406.05,172.78,345.04,6439.41,0.00,451.92,117.64,87.67,657.09,73.94
13.04.2026 22:15,13.04.2026 20:15,6320.61,156.60,4141.85,2378.90,172.47,346.36,6464.98,0.00,421.51,117.64,87.67,665.54,74.87
13.04.2026 22:30,13.04.2026 20:30,6293.90,156.83,4066.51,2407.28,172.21,341.74,6469.60,0.00,420.94,117.54,87.78,662.12,74.50
13.04.2026 22:45,13.04.2026 20:45,6116.46,157.40,4064.24,2163.06,172.63,344.18,6467.82,0.00,420.43,117.74,87.78,667.17,75.00
13.04.2026 23:00,13.04.2026 21:00,6184.27,154.25,4077.39,2072.95,171.44,343.30,6465.66,0.00,16.63,115.61,30.95,655.32,74.08
13.04.2026 23:15,13.04.2026 21:15,5996.28,153.00,4017.55,2312.71,172.07,342.76,6395.59,0.00,0.00,115.51,30.95,655.82,74.20
13.04.2026 23:30,13.04.2026 21:30,6018.10,153.56,3922.56,2212.39,171.86,348.08,6364.94,0.00,0.00,115.51,30.95,653.25,73.90
13.04.2026 23:45,13.04.2026 21:45,5985.34,153.90,3765.82,2001.12,171.96,343.15,6299.87,0.00,0.00,115.81,30.95,654.77,74.07
14.04.2026 00:00,13.04.2026 22:00,6102.95,151.99,3834.88,1893.53,173.37,338.03,6297.30,0.00,0.00,114.69,30.39,652.21,73.46
14.04.2026 00:15,13.04.2026 22:15,5999.03,152.18,3744.40,1868.48,173.57,340.37,6270.66,0.00,0.00,114.30,30.39,652.69,73.58
14.04.2026 00:30,13.04.2026 22:30,6054.02,152.14,3670.11,1859.14,173.79,342.94,6298.28,0.00,0.00,114.59,30.39,652.13,73.52
14.04.2026 00:45,13.04.2026 22:45,5966.43,151.44,3657.10,1869.60,173.79,344.19,6181.54,0.00,0.00,114.69,30.39,651.42,73.47
14.04.2026 01:00,13.04.2026 23:00,5838.37,150.88,3564.43,1869.84,172.88,340.10,6139.85,0.00,0.00,114.62,30.41,653.96,73.71
14.04.2026 01:15,13.04.2026 23:15,5814.78,151.26,3529.68,1869.14,172.52,344.00,6023.06,0.00,0.00,114.62,30.41,651.29,73.45
14.04.2026 01:30,13.04.2026 23:30,5829.56,151.55,3555.78,1869.29,172.74,343.13,5975.19,0.00,0.00,114.92,30.41,650.87,73.45
14.04.2026 01:45,13.04.2026 23:45,5983.90,151.69,3542.90,1866.65,172.79,339.59,5795.01,0.00,0.00,114.22,30.41,650.28,73.37
14.04.2026 02:00,14.04.2026 00:00,6041.76,150.15,3619.34,1868.01,172.71,341.98,5729.27,0.00,0.00,114.94,30.34,647.88,73.16
14.04.2026 02:15,14.04.2026 00:15,5954.17,150.48,3642.54,1870.91,172.29,339.93,5639.67,0.00,0.00,114.44,30.34,649.94,73.33
14.04.2026 02:30,14.04.2026 00:30,5970.39,151.60,3682.92,1895.67,174.12,339.60,5596.81,0.00,0.00,114.74,30.34,650.73,73.47
14.04.2026 02:45,14.04.2026 00:45,6074.40,151.38,3781.39,1866.52,172.35,338.71,5569.92,0.00,0.00,115.04,30.34,650.64,73.45
14.04.2026 03:00,14.04.2026 01:00,6103.41,152.14,3864.10,1846.80,173.46,339.23,5510.67,0.00,0.00,114.55,30.30,653.02,73.61
14.04.2026 03:15,14.04.2026 01:15,6031.25,152.83,3996.72,1850.47,173.72,340.09,5462.18,0.00,0.00,114.35,30.30,654.69,73.75
14.04.2026 03:30,14.04.2026 01:30,6126.25,151.70,4049.13,1844.68,173.51,338.80,5397.20,0.00,0.00,114.45,30.30,655.07,73.77
14.04.2026 03:45,14.04.2026 01:45,6116.47,151.43,4180.18,1849.05,175.33,340.04,5400.29,0.00,0.00,114.65,30.30,656.86,74.01
14.04.2026 04:00,14.04.2026 02:00,6165.05,152.72,4247.70,1957.61,175.22,339.57,5415.06,0.00,0.00,115.15,30.29,654.17,73.73
14.04.2026 04:15,14.04.2026 02:15,6186.32,152.39,4266.72,1937.05,174.60,340.23,5405.53,0.00,0.00,114.45,30.29,653.67,73.71
14.04.2026 04:30,14.04.2026 02:30,6201.33,150.78,4297.61,1970.10,175.11,338.71,5384.01,0.00,0.00,115.05,30.29,653.52,73.70
14.04.2026 04:45,14.04.2026 02:45,6146.86,151.63,4275.55,2131.91,176.88,340.57,5271.63,0.00,0.00,115.25,30.29,657.48,74.07
14.04.2026 05:00,14.04.2026 03:00,6264.21,154.77,4325.32,2130.29,176.65,340.02,5269.68,0.00,0.00,115.74,30.65,661.56,74.07
14.04.2026 05:15,14.04.2026 03:15,6190.49,155.40,4421.36,2133.77,176.03,342.27,5258.78,19.89,0.00,115.84,30.65,664.43,74.37
14.04.2026 05:30,14.04.2026 03:30,6344.26,155.06,4534.90,2134.95,176.95,338.11,5275.51,41.52,0.00,115.24,30.65,664.11,74.19
14.04.2026 05:45,14.04.2026 03:45,6613.10,154.73,4652.22,2160.85,176.03,342.69,5241.11,143.37,0.00,115.74,30.65,664.74,74.26
14.04.2026 06:00,14.04.2026 04:00,6914.71,156.22,4838.82,2509.53,174.19,341.02,5224.46,220.48,53.00,128.84,35.14,665.04,74.28
14.04.2026 06:15,14.04.2026 04:15,6958.47,155.77,4984.19,2738.23,176.11,342.58,5236.11,434.01,53.00,128.64,35.14,664.02,74.17
14.04.2026 06:30,14.04.2026 04:30,6975.88,155.13,4842.48,3127.15,177.16,345.56,5213.18,664.75,53.00,128.84,35.14,667.75,74.59
14.04.2026 06:45,14.04.2026 04:45,6957.38,154.81,4831.57,3154.77,176.74,345.85,5022.17,1030.45,53.00,129.14,45.08,670.78,74.93
14.04.2026 07:00,14.04.2026 05:00,7177.74,155.30,5174.65,3177.96,147.83,341.17,4970.18,1374.24,54.00,134.99,47.14,654.11,72.32
14.04.2026 07:15,14.04.2026 05:15,7186.36,155.64,5172.35,3221.17,177.58,341.38,4798.45,1837.62,53.00,134.79,47.13,670.97,74.63
14.04.2026 07:30,14.04.2026 05:30,7111.80,155.71,5122.91,3094.83,178.36,342.46,4643.34,2360.63,53.00,135.09,47.12,668.84,74.41
14.04.2026 07:45,14.04.2026 05:45,7147.36,156.39,5116.28,2902.56,177.88,339.45,4560.15,2886.46,53.00,134.89,47.11,670.04,74.47
14.04.2026 08:00,14.04.2026 06:00,7250.48,156.75,5124.78,2789.76,175.91,339.07,4439.60,3250.86,0.00,135.18,46.99,666.88,74.05
14.04.2026 08:15,14.04.2026 06:15,7135.69,156.37,5096.73,2806.30,175.08,341.66,4323.01,3780.55,0.00,135.59,46.98,669.07,74.32
14.04.2026 08:30,14.04.2026 06:30,7112.88,157.26,5000.04,2613.62,175.85,336.95,4122.71,4184.14,0.00,134.98,46.97,663.80,73.86
14.04.2026 08:45,14.04.2026 06:45,6822.30,156.76,4856.76,2973.73,175.71,338.32,4073.13,4410.02,0.00,134.98,47.23,665.33,73.96
14.04.2026 09:00,14.04.2026 07:00,6903.57,148.52,4710.12,3134.10,173.61,341.48,3931.52,4776.95,0.00,120.17,31.85,643.82,72.47
14.04.2026 09:15,14.04.2026 07:15,6940.21,147.51,4627.41,3061.75,172.41,339.56,3839.76,5239.87,0.00,119.67,31.85,641.84,72.29
14.04.2026 09:30,14.04.2026 07:30,7165.30,147.39,4561.54,2851.95,172.78,338.81,3835.94,5744.99,0.00,119.87,31.85,635.60,71.68
14.04.2026 09:45,14.04.2026 07:45,6767.14,148.56,4448.22,2571.56,172.05,336.44,4028.49,6084.62,0.00,120.17,31.85,632.78,71.34
14.04.2026 10:00,14.04.2026 08:00,6910.18,147.03,4406.81,2469.29,171.24,323.59,3980.76,6537.29,0.00,117.39,31.15,625.90,70.81
14.04.2026 10:15,14.04.2026 08:15,6605.59,145.93,4230.30,2165.12,172.18,316.31,3928.79,6605.56,0.00,117.69,31.15,630.15,71.28
14.04.2026 10:30,14.04.2026 08:30,6224.48,146.32,4175.30,2127.41,171.86,312.40,4036.59,7159.40,0.00,117.99,31.15,630.20,71.28
14.04.2026 10:45,14.04.2026 08:45,6224.58,146.61,4271.91,2055.97,172.64,315.83,3999.07,7468.14,0.00,117.59,31.15,627.15,70.99
14.04.2026 11:00,14.04.2026 09:00,6404.47,146.06,4316.26,1991.54,170.82,304.47,3977.14,7872.06,0.00,114.64,30.13,623.70,70.65
14.04.2026 11:15,14.04.2026 09:15,6258.76,145.68,4319.80,1986.61,169.94,303.41,3972.02,8196.07,0.00,114.74,30.13,619.36,70.21
14.04.2026 11:30,14.04.2026 09:30,6304.80,146.00,4231.78,1992.00,169.42,303.62,3929.93,8332.93,0.00,114.34,30.13,618.35,70.07
14.04.2026 11:45,14.04.2026 09:45,6219.98,146.46,4196.00,1986.83,169.36,304.86,3885.89,8688.92,0.00,114.44,30.13,617.75,69.97
14.04.2026 12:00,14.04.2026 10:00,6138.77,146.60,4178.61,1977.46,168.43,304.38,3877.31,8611.46,0.00,114.98,30.12,610.71,69.26
14.04.2026 12:15,14.04.2026 10:15,6144.08,148.64,4214.32,2080.59,168.49,303.91,3802.23,8928.34,0.00,114.68,30.12,620.22,69.90
14.04.2026 12:30,14.04.2026 10:30,5994.46,148.19,4211.75,2084.42,168.90,306.02,3749.39,8122.96,0.00,114.58,30.12,630.11,70.95
14.04.2026 12:45,14.04.2026 10:45,6286.10,149.41,4249.99,2095.50,169.52,304.35,3572.85,8130.68,0.00,114.78,30.12,633.44,71.27
14.04.2026 13:00,14.04.2026 11:00,6522.46,145.04,4312.79,2303.88,171.88,304.94,3505.30,8175.32,0.00,114.53,30.11,619.52,70.31
14.04.2026 13:15,14.04.2026 11:15,6747.96,144.11,4374.94,2454.82,171.42,302.90,3417.01,7940.28,0.00,114.73,30.11,622.12,70.61
14.04.2026 13:30,14.04.2026 11:30,6709.32,144.28,4227.38,2291.04,172.36,303.56,3323.02,7915.15,0.00,114.53,50.67,618.81,70.26
14.04.2026 13:45,14.04.2026 11:45,6542.17,143.43,4224.33,2330.52,171.41,308.35,3290.89,7732.40,0.00,114.43,50.91,618.60,70.18
14.04.2026 14:00,14.04.2026 12:00,6579.32,145.66,4228.87,2215.03,170.72,310.97,3155.24,7515.03,0.00,114.34,30.04,618.35,69.89
14.04.2026 14:15,14.04.2026 12:15,6672.61,145.85,4216.69,2190.50,170.52,309.06,3021.56,6977.17,0.00,114.34,30.04,620.57,70.17
14.04.2026 14:30,14.04.2026 12:30,6512.39,146.79,4026.95,2136.22,170.31,310.27,2872.82,6701.53,0.00,114.54,30.04,619.49,70.05
14.04.2026 14:45,14.04.2026 12:45,6695.00,146.16,3921.29,2259.51,163.80,321.64,2763.51,6238.86,0.00,114.34,30.04,616.10,69.61
14.04.2026 15:00,14.04.2026 13:00,6696.40,145.92,4038.25,2175.54,163.77,322.83,2643.88,5734.28,0.00,114.14,30.03,620.75,70.12
14.04.2026 15:15,14.04.2026 13:15,6819.86,145.15,4120.92,2165.97,165.75,328.38,2450.22,5302.64,0.00,114.14,30.03,622.38,70.28
14.04.2026 15:30,14.04.2026 13:30,7148.40,144.67,4283.87,2501.28,165.44,326.99,2229.98,4841.17,0.00,114.44,30.03,624.42,70.51
14.04.2026 15:45,14.04.2026 13:45,7311.58,143.97,4356.83,2581.42,164.25,325.52,2143.05,4467.87,0.00,114.34,30.03,628.50,70.72
14.04.2026 16:00,14.04.2026 14:00,7162.40,149.29,4389.15,2587.12,165.78,324.74,2096.23,4072.30,0.00,118.05,31.27,641.47,71.50
14.04.2026 16:15,14.04.2026 14:15,7133.49,147.79,4513.07,2456.86,164.85,324.37,1995.24,3414.19,0.00,118.05,31.27,643.76,71.92
14.04.2026 16:30,14.04.2026 14:30,7149.92,149.16,4743.61,2559.11,164.53,323.00,1882.59,3027.49,0.00,118.05,31.27,647.25,72.11
14.04.2026 16:45,14.04.2026 14:45,7198.96,148.64,4864.39,2635.87,164.11,325.15,1790.06,2758.67,0.00,118.35,31.27,647.07,72.16
14.04.2026 17:00,14.04.2026 15:00,7236.35,148.89,4999.73,2396.02,170.37,327.48,1741.68,2481.47,0.00,130.88,35.60,655.92,73.04
14.04.2026 17:15,14.04.2026 15:15,7427.65,149.05,5125.21,2640.19,170.90,331.45,1649.29,2096.51,0.00,131.08,35.60,652.88,72.74
14.04.2026 17:30,14.04.2026 15:30,7723.40,149.28,5280.80,2713.28,171.99,331.33,1512.02,1746.86,0.00,130.68,35.60,652.31,72.67
14.04.2026 17:45,14.04.2026 15:45,7723.80,148.94,5401.62,3067.72,172.04,329.56,1438.27,1347.26,100.20,130.88,35.60,654.33,72.89
14.04.2026 18:00,14.04.2026 16:00,7660.58,149.35,5481.34,2969.86,174.00,329.12,1420.81,1085.78,393.00,140.03,95.27,654.80,72.97
14.04.2026 18:15,14.04.2026 16:15,7701.86,149.39,5488.05,2802.57,172.55,333.93,1383.76,823.84,485.50,140.53,95.27,664.26,73.92
14.04.2026 18:30,14.04.2026 16:30,7743.10,150.08,5494.22,3056.86,173.54,330.38,1323.75,616.41,667.60,140.83,95.27,662.32,73.80
14.04.2026 18:45,14.04.2026 16:45,7753.51,151.64,5474.52,3240.49,174.05,335.43,1283.96,382.33,712.05,140.83,150.75,664.32,73.93
14.04.2026 19:00,14.04.2026 17:00,7840.67,151.47,5526.11,3190.79,176.01,336.12,1294.07,248.70,592.94,155.77,155.14,666.61,74.12
14.04.2026 19:15,14.04.2026 17:15,7958.32,151.49,5570.64,3485.21,175.59,341.03,1314.08,126.10,512.69,155.67,150.32,666.87,74.16
14.04.2026 19:30,14.04.2026 17:30,8030.56,151.16,5608.32,3487.50,175.44,339.46,1342.34,102.00,696.19,156.07,192.13,667.00,74.21
14.04.2026 19:45,14.04.2026 17:45,8294.05,151.52,5598.38,3400.72,175.64,337.33,1397.14,80.42,712.84,156.17,198.32,671.73,74.63
14.04.2026 20:00,14.04.2026 18:00,8058.79,152.24,5600.21,3387.21,178.17,337.38,1435.97,0.00,692.27,151.66,217.45,672.94,74.78
14.04.2026 20:15,14.04.2026 18:15,8046.59,153.12,5594.88,3384.08,178.95,340.03,1427.85,0.00,625.13,152.16,153.49,674.27,74.83
14.04.2026 20:30,14.04.2026 18:30,7989.30,152.66,5602.06,3378.73,179.36,337.18,1399.93,0.00,570.59,151.96,190.59,672.08,74.67
14.04.2026 20:45,14.04.2026 18:45,8013.39,151.29,5592.68,3384.93,178.79,337.63,1318.84,0.00,693.64,151.96,220.03,670.24,74.58
14.04.2026 21:00,14.04.2026 19:00,8349.49,150.61,5586.84,3461.57,179.39,336.17,1353.02,0.00,595.99,122.07,247.60,665.24,74.27
14.04.2026 21:15,14.04.2026 19:15,8242.01,151.19,5561.10,3387.28,179.18,336.14,1367.60,0.00,457.60,121.77,168.98,670.22,74.72
14.04.2026 21:30,14.04.2026 19:30,8029.21,152.29,5487.45,3310.94,179.75,337.03,1362.24,0.00,282.00,121.87,158.86,669.90,74.73
14.04.2026 21:45,14.04.2026 19:45,7936.92,152.44,5421.13,3231.59,179.81,335.75,1380.31,0.00,274.70,121.57,109.30,669.61,74.68
14.04.2026 22:00,14.04.2026 20:00,7767.66,154.47,5489.52,3211.88,179.26,336.90,1395.42,0.00,274.80,116.31,127.89,667.58,74.46
14.04.2026 22:15,14.04.2026 20:15,7648.87,154.95,5511.21,3353.44,178.28,339.10,1417.11,0.00,295.80,116.41,117.96,666.18,74.32
14.04.2026 22:30,14.04.2026 20:30,7579.17,154.27,5477.85,3386.53,177.08,338.85,1405.94,0.00,153.90,116.01,118.30,667.87,74.49
14.04.2026 22:45,14.04.2026 20:45,7395.15,153.86,5404.56,3345.77,176.72,338.81,1417.77,0.00,163.20,115.91,128.54,669.69,74.59
14.04.2026 23:00,14.04.2026 21:00,7389.08,154.00,5357.04,3507.96,176.93,339.14,1415.59,0.00,0.00,114.01,106.92,664.86,74.05
14.04.2026 23:15,14.04.2026 21:15,7315.46,154.72,5254.02,3082.71,177.34,339.66,1374.39,0.00,0.00,114.51,86.16,666.79,74.18
14.04.2026 23:30,14.04.2026 21:30,7292.14,155.16,5206.64,2746.78,176.41,341.81,1358.65,0.00,0.00,114.61,85.86,668.75,74.33
14.04.2026 23:45,14.04.2026 21:45,7224.79,155.14,4963.72,2632.56,175.31,340.13,1318.61,0.00,0.00,114.61,85.96,669.39,74.39
15.04.2026 00:00,14.04.2026 22:00,6973.11,154.94,4748.38,2594.29,176.46,338.92,1295.12,0.00,0.00,114.92,28.94,665.14,73.71
15.04.2026 00:15,14.04.2026 22:15,7016.78,154.93,4924.56,2608.56,175.42,341.04,1249.74,0.00,0.00,115.12,28.94,664.71,73.66
15.04.2026 00:30,14.04.2026 22:30,7041.29,154.98,4943.18,2787.00,174.80,337.25,1208.36,0.00,0.00,114.92,28.94,663.85,73.54
15.04.2026 00:45,14.04.2026 22:45,6979.86,154.21,4917.23,2584.72,175.42,340.40,1242.30,0.00,0.00,114.42,28.94,663.45,73.57
15.04.2026 01:00,14.04.2026 23:00,7004.84,154.70,4903.22,2531.42,172.81,341.06,1253.51,0.00,0.00,115.55,28.94,660.05,73.15
15.04.2026 01:15,14.04.2026 23:15,7054.45,154.75,4908.40,2727.68,173.90,340.93,1241.80,0.00,0.00,114.25,28.94,659.88,73.08
15.04.2026 01:30,14.04.2026 23:30,7051.45,154.20,4912.56,2679.18,172.95,337.93,1239.67,0.00,0.00,115.65,28.94,655.32,72.67
15.04.2026 01:45,14.04.2026 23:45,7050.63,154.38,4908.36,2470.14,173.17,339.60,1255.16,0.00,0.00,115.15,28.94,654.76,72.68
15.04.2026 02:00,15.04.2026 00:00,6924.25,154.15,4820.37,2494.17,173.19,338.16,1247.01,0.00,0.00,115.10,28.92,657.09,72.96
15.04.2026 02:15,15.04.2026 00:15,6906.91,155.12,4826.55,2506.87,173.66,342.10,1193.64,0.00,0.00,115.20,28.92,660.48,73.30
15.04.2026 02:30,15.04.2026 00:30,6812.65,154.92,4873.14,2471.64,173.40,342.80,1155.53,0.00,0.00,115.20,28.92,659.78,73.22
15.04.2026 02:45,15.04.2026 00:45,6771.15,153.57,4873.56,2472.01,172.26,340.70,1151.41,0.00,0.00,115.11,28.92,661.82,73.44
15.04.2026 03:00,15.04.2026 01:00,6774.99,153.36,4853.32,2466.18,172.16,339.10,1102.65,0.00,0.00,115.01,28.91,661.51,73.43
15.04.2026 03:15,15.04.2026 01:15,6771.18,153.77,4903.97,2467.11,171.64,339.38,1087.92,0.00,0.00,115.00,28.91,664.81,73.73
15.04.2026 03:30,15.04.2026 01:30,6786.14,154.02,4900.03,2477.34,172.82,340.06,1006.69,0.00,0.00,115.00,28.91,666.11,73.81
15.04.2026 03:45,15.04.2026 01:45,6917.93,155.27,4931.84,2610.77,172.52,339.24,1013.14,0.00,0.00,114.91,28.91,663.01,73.51
15.04.2026 04:00,15.04.2026 02:00,7175.95,154.86,5053.15,2694.82,172.59,336.66,990.32,0.00,0.00,115.58,28.91,662.46,73.52
15.04.2026 04:15,15.04.2026 02:15,7206.71,152.94,5131.05,2683.90,171.60,341.25,993.89,0.00,0.00,115.08,28.91,662.90,73.55
15.04.2026 04:30,15.04.2026 02:30,7295.18,153.06,5228.56,2686.39,171.29,336.09,978.36,0.00,0.00,114.88,28.91,662.32,73.49
15.04.2026 04:45,15.04.2026 02:45,7216.31,153.70,5318.38,2778.18,170.61,341.14,946.73,0.00,0.00,115.18,49.33,662.42,73.46
15.04.2026 05:00,15.04.2026 03:00,7339.05,154.87,5389.96,2802.54,171.06,339.31,946.83,0.00,0.00,116.21,49.45,664.88,73.78
15.04.2026 05:15,15.04.2026 03:15,7326.25,154.48,5419.02,2850.74,171.96,334.91,950.30,19.93,0.00,116.11,50.04,662.80,73.60
15.04.2026 05:30,15.04.2026 03:30,7509.95,153.92,5496.01,3028.86,171.13,340.69,954.26,31.82,0.00,116.11,49.91,661.97,73.49
15.04.2026 05:45,15.04.2026 03:45,7394.47,155.19,5519.25,3414.73,172.16,341.97,929.04,73.04,0.00,115.71,70.90,662.48,73.55
15.04.2026 06:00,15.04.2026 04:00,7483.91,159.16,5611.72,3587.08,172.16,337.66,918.63,150.70,0.00,128.38,74.31,666.29,73.92
15.04.2026 06:15,15.04.2026 04:15,7560.18,161.43,5610.79,3542.87,171.43,341.37,889.26,285.79,0.00,128.88,54.08,664.85,73.76
15.04.2026 06:30,15.04.2026 04:30,7451.05,161.13,5613.81,3501.10,169.45,344.28,899.91,510.41,0.00,128.78,54.09,665.11,73.72
15.04.2026 06:45,15.04.2026 04:45,7329.91,161.08,5577.24,3480.45,167.99,337.64,851.68,777.97,0.00,128.58,55.03,666.14,73.83
15.04.2026 07:00,15.04.2026 05:00,7328.81,160.06,5496.94,3459.37,168.02,346.55,782.95,1086.80,0.00,136.73,36.17,664.28,73.69
15.04.2026 07:15,15.04.2026 05:15,7424.40,162.41,5482.89,3539.83,168.23,338.36,700.55,1563.93,0.00,136.43,36.17,665.06,73.72
15.04.2026 07:30,15.04.2026 05:30,7406.08,164.68,5518.11,3533.68,166.35,328.00,603.78,2002.15,0.00,136.03,36.17,664.03,73.56
15.04.2026 07:45,15.04.2026 05:45,7267.78,164.19,5399.05,2995.13,168.06,342.03,512.38,2449.09,0.00,136.03,36.17,666.22,73.80
15.04.2026 08:00,15.04.2026 06:00,7353.33,166.30,5403.93,2956.24,166.32,336.03,445.67,3028.38,0.00,133.89,35.37,661.93,73.10
15.04.2026 08:15,15.04.2026 06:15,7340.17,166.12,5412.88,2746.76,167.16,341.88,400.03,3780.45,0.00,133.89,35.37,660.71,73.09
15.04.2026 08:30,15.04.2026 06:30,7086.74,165.16,5296.46,2555.27,166.43,339.33,329.14,4279.31,0.00,133.99,35.37,663.80,73.37
15.04.2026 08:45,15.04.2026 06:45,6848.42,166.69,5147.42,2553.00,167.99,340.12,305.82,4987.94,0.00,133.99,35.37,663.55,73.31
15.04.2026 09:00,15.04.2026 07:00,6939.60,166.65,5326.93,2693.16,167.06,340.55,270.46,5454.40,0.00,125.10,32.51,662.24,73.15
15.04.2026 09:15,15.04.2026 07:15,6465.65,166.01,5136.57,2511.89,166.12,333.92,256.89,6000.50,0.00,125.50,32.51,659.02,72.86
15.04.2026 09:30,15.04.2026 07:30,5976.76,165.04,4975.67,2485.41,165.64,338.48,274.43,6701.98,0.00,125.40,32.51,657.92,72.77
15.04.2026 09:45,15.04.2026 07:45,5455.75,163.80,4559.53,2350.38,164.81,330.27,266.11,7080.14,0.00,125.40,32.51,657.67,72.69
15.04.2026 10:00,15.04.2026 08:00,5626.89,160.47,4826.67,1839.51,164.07,322.96,276.51,7638.26,0.00,124.59,32.04,651.38,72.23
15.04.2026 10:15,15.04.2026 08:15,5406.42,163.24,4625.48,1755.21,164.10,325.19,311.89,7912.09,0.00,124.19,32.04,651.38,72.16
15.04.2026 10:30,15.04.2026 08:30,5351.17,160.01,4417.02,1769.33,162.92,325.44,338.14,8039.09,0.00,124.29,32.04,653.44,72.34
15.04.2026 10:45,15.04.2026 08:45,5364.81,160.99,4095.56,1806.90,162.92,325.67,359.67,8577.15,0.00,124.19,32.04,651.86,72.14
15.04.2026 11:00,15.04.2026 09:00,5500.98,159.12,3888.55,1778.22,160.80,322.18,365.27,8999.89,0.00,115.76,29.14,647.29,71.78
15.04.2026 11:15,15.04.2026 09:15,5364.46,159.29,3535.36,1780.52,163.10,321.00,386.59,9292.83,0.00,115.96,29.14,646.25,71.69
15.04.2026 11:30,15.04.2026 09:30,5414.73,158.95,3559.66,1783.99,162.21,327.68,374.33,9392.10,0.00,115.97,29.14,646.79,71.72
15.04.2026 11:45,15.04.2026 09:45,4969.97,159.56,3580.09,1763.53,161.68,320.60,384.17,9925.50,0.00,115.76,29.14,643.66,71.34
15.04.2026 12:00,15.04.2026 10:00,5027.84,160.18,3558.39,1729.84,161.29,313.75,414.51,10167.22,0.00,115.69,29.14,648.07,71.80
15.04.2026 12:15,15.04.2026 10:15,4829.06,156.60,3339.72,1697.78,162.49,310.02,429.28,9999.53,0.00,115.89,29.14,645.41,71.71
15.04.2026 12:30,15.04.2026 10:30,4721.38,158.82,3253.63,1694.58,163.16,307.84,443.36,10403.08,0.00,115.99,29.14,644.80,71.62
15.04.2026 12:45,15.04.2026 10:45,4742.89,157.41,3326.86,1683.07,160.57,308.57,430.04,10293.88,0.00,116.09,29.14,644.98,71.61
15.04.2026 13:00,15.04.2026 11:00,4763.39,156.72,3357.51,1683.04,158.72,308.64,425.01,10248.29,0.00,115.80,29.11,643.58,71.52
15.04.2026 13:15,15.04.2026 11:15,4737.65,158.69,3361.33,1688.13,157.89,310.82,423.61,9901.33,0.00,115.70,29.11,643.24,71.47
15.04.2026 13:30,15.04.2026 11:30,4658.02,155.78,3329.36,1681.35,159.66,307.67,421.17,10092.45,0.00,115.30,29.11,642.71,71.41
15.04.2026 13:45,15.04.2026 11:45,4643.15,156.73,3196.17,1647.70,159.19,310.06,441.84,10333.70,0.00,115.40,29.11,645.25,71.58
15.04.2026 14:00,15.04.2026 12:00,4602.28,156.10,3184.99,1659.61,159.70,308.46,448.56,9790.85,0.00,115.43,29.07,642.22,71.34
15.04.2026 14:15,15.04.2026 12:15,4694.53,157.60,3309.11,1706.13,141.66,306.90,445.98,9548.54,0.00,116.13,29.07,629.02,69.68
15.04.2026 14:30,15.04.2026 12:30,4799.05,157.63,3329.91,1724.48,158.57,312.20,479.13,9304.91,0.00,115.33,29.07,636.36,70.63
15.04.2026 14:45,15.04.2026 12:45,4995.95,158.67,3376.80,1820.67,157.95,323.79,489.82,9055.34,0.00,115.63,29.07,632.89,70.29
15.04.2026 15:00,15.04.2026 13:00,4723.49,158.36,3257.05,1753.36,159.42,322.48,501.18,9058.06,0.00,115.58,29.04,633.53,70.36
15.04.2026 15:15,15.04.2026 13:15,5001.70,157.53,3279.66,1863.15,159.05,319.62,510.50,8474.03,0.00,115.68,29.04,633.50,70.30
15.04.2026 15:30,15.04.2026 13:30,5160.88,157.72,3413.75,2002.02,156.97,321.87,581.58,8216.20,0.00,115.38,29.04,633.10,70.22
15.04.2026 15:45,15.04.2026 13:45,5298.65,157.82,3603.96,2068.62,161.13,323.57,597.39,7473.36,0.00,115.48,29.04,632.41,70.19
15.04.2026 16:00,15.04.2026 14:00,5349.54,159.52,3345.49,2135.95,160.97,325.24,567.94,7401.67,0.00,125.71,32.41,644.52,71.24
15.04.2026 16:15,15.04.2026 14:15,5720.69,154.10,3625.88,2236.69,160.14,325.45,527.92,6783.17,0.00,125.11,32.41,642.09,71.00
15.04.2026 16:30,15.04.2026 14:30,6067.58,154.83,4116.42,2257.61,163.26,325.54,509.41,6302.44,0.00,125.81,32.41,636.41,70.38
15.04.2026 16:45,15.04.2026 14:45,6469.30,153.94,4637.10,2384.60,163.00,325.13,474.90,5695.23,0.00,125.51,32.41,638.62,70.63
15.04.2026 17:00,15.04.2026 15:00,6789.77,149.16,5033.67,2508.30,163.58,322.87,488.17,5148.38,0.00,131.57,90.64,649.98,71.93
15.04.2026 17:15,15.04.2026 15:15,6953.28,151.54,5349.42,2555.41,162.64,323.93,492.07,4202.71,0.00,131.47,90.64,651.60,72.09
15.04.2026 17:30,15.04.2026 15:30,7223.89,152.53,5527.95,3118.46,162.52,322.56,495.37,3623.58,0.00,131.57,90.54,653.59,71.91
15.04.2026 17:45,15.04.2026 15:45,7188.14,148.91,5474.82,3397.90,162.44,325.92,531.95,3024.74,191.50,131.47,90.64,654.89,72.39
15.04.2026 18:00,15.04.2026 16:00,7005.72,149.40,5357.51,3199.73,165.77,332.24,529.16,2361.29,355.70,138.03,147.74,663.89,73.20
15.04.2026 18:15,15.04.2026 16:15,7136.15,150.14,5455.34,3361.55,166.60,330.63,495.20,1885.59,322.70,137.53,113.51,665.01,73.19
15.04.2026 18:30,15.04.2026 16:30,7294.97,152.54,5515.32,3778.53,167.50,336.00,486.83,1385.10,373.70,138.23,143.22,669.81,73.73
15.04.2026 18:45,15.04.2026 16:45,7177.56,155.32,5463.37,3656.15,165.94,333.95,444.35,894.76,803.39,137.73,185.10,665.93,73.32
15.04.2026 19:00,15.04.2026 17:00,7055.04,156.68,5463.17,3558.27,165.53,341.72,435.32,576.31,777.00,159.04,178.89,673.02,74.00
15.04.2026 19:15,15.04.2026 17:15,7091.84,157.85,5459.36,3500.77,168.55,338.59,435.83,315.25,744.64,158.94,154.00,668.64,73.55
15.04.2026 19:30,15.04.2026 17:30,7221.49,157.98,5480.06,3692.06,165.64,343.74,481.17,141.34,849.75,158.85,184.24,669.66,73.64
15.04.2026 19:45,15.04.2026 17:45,7151.09,157.59,5493.25,3736.43,168.03,341.26,471.66,84.54,862.69,158.65,194.92,669.92,73.73
15.04.2026 20:00,15.04.2026 18:00,7162.46,157.20,5482.16,3720.94,169.14,343.42,476.38,0.00,863.40,155.25,187.45,670.32,73.73
15.04.2026 20:15,15.04.2026 18:15,7292.78,159.33,5480.17,3724.42,166.87,342.81,515.82,0.00,831.90,155.45,203.92,670.39,73.75
15.04.2026 20:30,15.04.2026 18:30,7234.69,159.09,5514.95,3766.91,168.74,340.31,549.51,0.00,862.26,154.25,196.11,667.82,73.53
15.04.2026 20:45,15.04.2026 18:45,7509.34,159.19,5517.85,3747.96,168.06,343.48,538.31,0.00,862.62,155.45,192.06,674.66,74.16
15.04.2026 21:00,15.04.2026 19:00,7722.42,158.50,5549.34,3740.63,168.40,339.24,553.13,0.00,799.57,123.43,184.55,671.56,73.86
15.04.2026 21:15,15.04.2026 19:15,7444.87,157.35,5455.30,3646.27,168.61,344.23,574.08,0.00,788.12,123.73,107.40,675.54,74.25
15.04.2026 21:30,15.04.2026 19:30,7252.55,156.85,5399.07,3364.53,167.63,338.46,614.64,0.00,785.27,123.33,97.48,671.94,73.94
15.04.2026 21:45,15.04.2026 19:45,7225.89,157.12,5405.05,3163.04,162.09,338.73,668.92,0.00,564.10,123.73,107.55,664.89,73.11
15.04.2026 22:00,15.04.2026 20:00,7316.46,153.57,5339.15,3501.67,162.06,337.85,657.98,0.00,457.70,116.62,29.46,655.22,72.56
15.04.2026 22:15,15.04.2026 20:15,7381.94,153.82,5327.59,3729.78,160.87,336.65,652.34,0.00,284.90,116.32,29.46,656.48,72.70
15.04.2026 22:30,15.04.2026 20:30,7502.12,154.26,5312.48,3491.04,163.25,341.97,595.51,0.00,283.90,116.92,29.46,656.60,72.70
15.04.2026 22:45,15.04.2026 20:45,7371.80,154.48,5322.60,3429.94,162.59,342.85,559.90,0.00,0.00,116.82,29.46,653.63,72.44
15.04.2026 23:00,15.04.2026 21:00,7291.68,153.40,5201.99,3080.09,163.56,339.62,568.30,0.00,0.00,114.83,28.69,654.51,72.45
15.04.2026 23:15,15.04.2026 21:15,7145.61,153.20,5076.50,2959.29,165.75,342.02,616.48,0.00,0.00,114.33,28.69,656.93,72.76
15.04.2026 23:30,15.04.2026 21:30,7050.01,152.93,4991.40,2917.30,163.35,338.46,583.81,0.00,0.00,114.53,28.69,651.49,72.07
15.04.2026 23:45,15.04.2026 21:45,6822.77,153.37,4757.98,2884.02,164.23,337.36,581.81,0.00,0.00,114.23,28.69,653.17,72.22
16.04.2026 00:00,15.04.2026 22:00,6812.18,149.52,4474.00,2965.51,169.10,334.66,552.26,0.00,0.00,102.24,28.59,645.57,71.75
16.04.2026 00:15,15.04.2026 22:15,6674.14,149.14,4476.29,2926.81,166.41,335.96,522.63,0.00,0.00,102.44,28.59,644.73,71.76
16.04.2026 00:30,15.04.2026 22:30,6414.39,148.67,4435.34,2882.66,167.03,335.04,519.11,0.00,0.00,102.24,28.59,638.14,71.08
16.04.2026 00:45,15.04.2026 22:45,6345.41,147.81,4469.99,2735.60,165.41,335.57,500.88,0.00,0.00,102.14,28.59,639.71,71.33
16.04.2026 01:00,15.04.2026 23:00,6378.77,148.19,4523.27,2633.04,167.28,334.07,493.64,0.00,0.00,102.21,28.59,641.06,71.45
16.04.2026 01:15,15.04.2026 23:15,6436.14,148.10,4525.13,2673.43,167.79,334.33,504.01,0.00,0.00,102.81,28.59,642.19,71.51
16.04.2026 01:30,15.04.2026 23:30,6506.32,148.85,4529.17,2637.29,168.05,335.23,492.49,0.00,0.00,102.81,28.59,643.82,71.69
16.04.2026 01:45,15.04.2026 23:45,6364.00,147.53,4413.20,2624.02,167.58,335.20,507.68,0.00,0.00,102.11,28.59,643.88,71.79
16.04.2026 02:00,16.04.2026 00:00,6185.18,147.64,4479.11,2613.54,167.65,335.92,487.14,0.00,0.00,101.92,28.59,640.67,71.49
16.04.2026 02:15,16.04.2026 00:15,6244.53,148.57,4500.41,2642.77,167.65,337.73,465.00,0.00,0.00,102.32,28.59,645.18,71.87
16.04.2026 02:30,16.04.2026 00:30,6200.34,148.24,4493.31,2619.61,167.95,340.37,475.08,0.00,0.00,102.42,28.59,636.26,71.06
16.04.2026 02:45,16.04.2026 00:45,6162.75,147.99,4438.37,2614.21,168.26,334.38,481.07,0.00,0.00,102.42,28.59,636.73,71.04
16.04.2026 03:00,16.04.2026 01:00,6175.08,147.92,4417.83,2607.18,168.69,336.53,475.67,0.00,0.00,102.03,28.59,636.72,71.10
16.04.2026 03:15,16.04.2026 01:15,6256.84,148.86,4525.38,2587.22,169.27,336.99,483.60,0.00,0.00,102.43,28.59,640.62,71.44
16.04.2026 03:30,16.04.2026 01:30,6211.03,149.20,4532.45,2572.29,167.91,334.58,482.68,0.00,0.00,102.13,28.59,643.38,71.67
16.04.2026 03:45,16.04.2026 01:45,6218.91,149.40,4492.79,2577.97,167.49,331.93,468.73,0.00,0.00,102.83,28.59,644.27,71.70
16.04.2026 04:00,16.04.2026 02:00,6214.20,148.94,4450.59,2690.27,169.19,336.56,453.43,0.00,0.00,102.27,28.57,640.42,71.38
16.04.2026 04:15,16.04.2026 02:15,6343.35,148.88,4527.88,2683.63,169.76,331.02,470.05,0.00,0.00,102.07,28.57,639.52,71.32
16.04.2026 04:30,16.04.2026 02:30,6346.08,148.83,4685.52,2653.45,170.17,331.86,496.86,0.00,0.00,102.07,28.57,640.22,71.38
16.04.2026 04:45,16.04.2026 02:45,6449.28,148.87,4808.57,2650.12,168.66,334.07,484.64,0.00,0.00,102.37,28.57,640.59,71.40
16.04.2026 05:00,16.04.2026 03:00,6617.82,150.31,4807.66,2777.36,170.94,334.29,454.90,0.00,0.00,103.13,28.93,645.11,71.98
16.04.2026 05:15,16.04.2026 03:15,6704.11,152.46,4918.63,2781.55,170.98,334.10,422.97,28.43,0.00,103.43,28.93,622.41,69.62
16.04.2026 05:30,16.04.2026 03:30,7090.90,153.18,4976.55,3070.20,171.28,341.45,404.96,42.58,0.00,103.13,28.93,644.90,71.91
16.04.2026 05:45,16.04.2026 03:45,7028.58,151.03,4875.38,3330.11,170.56,339.56,399.99,157.17,134.30,103.33,39.77,641.68,71.72
16.04.2026 06:00,16.04.2026 04:00,7273.08,157.58,5016.54,3437.46,171.49,341.89,361.45,268.11,187.00,116.40,86.33,654.79,72.82
16.04.2026 06:15,16.04.2026 04:15,7344.59,156.59,5003.38,3617.49,172.00,338.26,344.75,535.51,186.50,115.70,86.17,656.95,72.93
16.04.2026 06:30,16.04.2026 04:30,7267.62,156.79,4989.49,3620.99,171.44,335.83,336.64,880.25,185.30,116.00,86.23,661.82,73.48
16.04.2026 06:45,16.04.2026 04:45,7237.50,157.06,4986.29,3734.38,168.82,336.82,304.93,1357.78,201.60,116.10,88.17,655.85,72.72
16.04.2026 07:00,16.04.2026 05:00,7296.52,157.83,4924.82,3795.45,168.38,334.00,292.35,1829.12,271.20,123.45,88.49,655.68,72.67
16.04.2026 07:15,16.04.2026 05:15,7276.00,158.65,4917.30,3792.22,169.28,334.63,283.36,2377.22,272.00,123.25,88.58,654.63,72.65
16.04.2026 07:30,16.04.2026 05:30,7135.73,157.31,4910.76,3720.51,167.92,334.58,277.80,2938.11,272.10,122.95,88.60,650.29,72.06
16.04.2026 07:45,16.04.2026 05:45,7188.69,159.10,4889.30,3795.76,167.82,335.20,268.00,3584.31,298.20,123.05,93.61,655.24,72.57
16.04.2026 08:00,16.04.2026 06:00,7264.04,155.61,4971.91,3722.20,166.18,337.43,261.12,4260.94,168.10,124.10,65.22,645.81,71.83
16.04.2026 08:15,16.04.2026 06:15,7234.89,153.54,4964.11,3691.55,165.14,336.62,241.74,5064.00,0.00,114.59,32.83,640.73,71.33
16.04.2026 08:30,16.04.2026 06:30,6871.62,154.38,4856.85,3123.46,164.73,332.57,202.75,5780.38,0.00,124.30,36.07,619.56,69.19
16.04.2026 08:45,16.04.2026 06:45,6760.12,152.97,4722.82,2698.69,165.09,333.62,192.57,6535.79,0.00,124.30,36.07,610.66,68.26
16.04.2026 09:00,16.04.2026 07:00,6773.74,152.48,4361.26,2611.59,162.38,329.22,204.04,7252.98,0.00,113.27,32.36,607.21,67.90
16.04.2026 09:15,16.04.2026 07:15,6831.19,153.92,4068.18,2283.92,162.43,327.53,218.00,7823.55,0.00,113.36,32.36,604.29,67.59
16.04.2026 09:30,16.04.2026 07:30,6478.27,152.93,3955.45,2185.79,161.03,328.94,233.03,8312.66,0.00,113.56,32.36,604.69,67.64
16.04.2026 09:45,16.04.2026 07:45,6156.73,151.54,3708.68,2019.04,162.01,327.28,234.32,9043.89,0.00,113.56,32.36,601.54,67.40
16.04.2026 10:00,16.04.2026 08:00,5920.64,149.11,3597.55,1839.25,160.15,323.57,249.76,9310.94,0.00,110.95,31.39,588.91,66.28
16.04.2026 10:15,16.04.2026 08:15,5669.21,146.98,3498.24,1763.15,161.78,325.86,263.05,9740.48,0.00,110.85,31.39,590.03,66.49
16.04.2026 10:30,16.04.2026 08:30,5533.65,146.35,3330.20,1735.93,163.49,324.79,299.91,10272.65,0.00,111.05,31.39,588.91,66.42
16.04.2026 10:45,16.04.2026 08:45,5609.55,147.81,3206.75,1774.57,162.31,320.19,348.48,9534.57,0.00,110.45,31.39,587.98,66.35
16.04.2026 11:00,16.04.2026 09:00,5949.62,147.23,3105.11,1874.78,161.94,302.88,360.25,8900.03,0.00,108.34,30.65,584.16,66.07
16.04.2026 11:15,16.04.2026 09:15,6014.65,147.40,2877.40,2011.15,161.72,303.75,406.86,9522.12,0.00,108.14,30.65,584.60,66.05
16.04.2026 11:30,16.04.2026 09:30,5794.17,147.72,2783.28,1784.71,161.98,301.37,429.95,9994.73,0.00,108.04,30.65,584.36,66.02
16.04.2026 11:45,16.04.2026 09:45,5716.65,147.12,2810.22,1755.86,163.07,301.19,447.34,9637.62,0.00,108.54,30.65,586.09,66.21
16.04.2026 12:00,16.04.2026 10:00,5604.16,146.87,2804.53,1752.48,162.26,294.90,487.83,10044.33,0.00,102.53,28.56,585.01,66.15
16.04.2026 12:15,16.04.2026 10:15,5430.97,145.93,2815.48,1708.23,162.41,293.55,560.55,10831.38,0.00,102.53,28.56,587.52,66.41
16.04.2026 12:30,16.04.2026 10:30,5582.11,142.42,2804.59,1735.15,164.23,292.43,708.99,9752.98,0.00,102.43,28.56,587.09,66.35
16.04.2026 12:45,16.04.2026 10:45,5846.96,144.49,2811.24,1824.85,161.68,291.68,749.34,9337.08,0.00,102.23,28.56,585.43,66.15
16.04.2026 13:00,16.04.2026 11:00,5702.65,142.72,2832.87,1808.85,163.26,293.74,738.98,10262.23,0.00,102.41,28.55,585.50,66.18
16.04.2026 13:15,16.04.2026 11:15,5501.40,142.38,2792.96,1656.48,164.14,293.91,774.35,8907.19,0.00,102.21,28.55,589.44,66.60
16.04.2026 13:30,16.04.2026 11:30,5288.02,142.88,2796.89,1693.05,164.34,295.15,798.83,9089.56,0.00,102.21,28.55,595.30,67.18
16.04.2026 13:45,16.04.2026 11:45,5273.83,143.13,2786.55,1693.34,163.25,296.65,828.05,9503.02,0.00,102.51,28.55,594.74,67.09
16.04.2026 14:00,16.04.2026 12:00,5289.00,145.94,2807.21,1704.66,164.77,292.40,870.57,8953.81,0.00,101.88,108.42,619.18,69.41
16.04.2026 14:15,16.04.2026 12:15,5270.22,147.46,2802.15,1709.59,164.41,293.83,888.73,8729.32,0.00,101.98,28.42,628.45,70.33
16.04.2026 14:30,16.04.2026 12:30,5468.15,147.34,2856.24,1768.75,162.42,292.64,915.29,9243.14,0.00,101.98,28.42,630.29,70.49
16.04.2026 14:45,16.04.2026 12:45,5607.94,147.76,3045.24,1869.72,161.59,299.88,921.02,8688.04,0.00,101.98,28.42,625.08,69.82
16.04.2026 15:00,16.04.2026 13:00,5458.47,147.54,3123.06,1703.92,164.65,301.75,958.21,8885.75,0.00,102.09,28.36,626.56,70.08
16.04.2026 15:15,16.04.2026 13:15,5394.47,147.67,3164.71,1774.08,165.99,300.88,1014.86,8138.60,0.00,101.89,28.36,633.25,70.75
16.04.2026 15:30,16.04.2026 13:30,5581.15,148.00,3371.24,1774.94,165.74,302.90,1045.17,7959.02,0.00,102.09,28.36,629.35,70.32
16.04.2026 15:45,16.04.2026 13:45,5721.39,148.36,3477.94,1796.81,165.37,312.90,1080.63,7228.32,0.00,102.29,28.36,631.72,70.50
16.04.2026 16:00,16.04.2026 14:00,5824.47,149.21,3630.85,1792.84,166.37,313.66,1102.92,6695.26,0.00,111.92,31.81,636.00,70.93
16.04.2026 16:15,16.04.2026 14:15,6007.64,151.57,3957.03,1986.75,165.58,315.04,1102.12,6238.68,0.00,111.72,31.81,636.45,70.88
16.04.2026 16:30,16.04.2026 14:30,6257.27,147.49,4094.54,2040.89,164.76,315.03,1086.25,5398.90,0.00,112.02,31.81,633.73,70.85
16.04.2026 16:45,16.04.2026 14:45,6500.65,147.94,4156.23,2287.42,165.01,316.76,1048.89,4831.75,0.00,112.02,31.81,632.94,70.68
16.04.2026 17:00,16.04.2026 15:00,6599.20,151.91,4167.47,2239.00,164.87,319.51,975.19,4517.22,0.00,118.52,34.08,639.47,71.29
16.04.2026 17:15,16.04.2026 15:15,6800.05,150.92,4321.90,2271.25,165.28,319.43,935.28,3900.50,0.00,118.82,34.08,640.23,71.41
16.04.2026 17:30,16.04.2026 15:30,6953.68,150.74,4442.66,2460.87,166.90,315.53,889.83,3200.60,0.00,118.82,34.08,641.79,71.63
16.04.2026 17:45,16.04.2026 15:45,7031.63,151.94,4495.94,2709.72,166.58,316.31,888.74,2725.43,434.70,118.82,55.06,642.54,71.64
16.04.2026 18:00,16.04.2026 16:00,7118.17,153.85,4670.96,2714.01,168.30,321.25,843.05,2223.24,453.60,128.99,116.32,652.13,72.57
16.04.2026 18:15,16.04.2026 16:15,7291.83,154.55,4739.50,3232.33,167.25,333.74,820.70,1820.96,536.40,128.89,145.43,657.49,72.97
16.04.2026 18:30,16.04.2026 16:30,7384.68,153.07,4754.58,3414.33,168.03,335.79,847.71,1261.39,551.68,129.19,168.74,657.28,72.91
16.04.2026 18:45,16.04.2026 16:45,7228.43,155.67,4808.04,3371.54,166.95,342.15,793.28,837.42,553.34,128.89,169.08,655.65,72.83
16.04.2026 19:00,16.04.2026 17:00,7125.83,155.61,4827.29,3359.04,167.90,342.57,757.95,552.93,654.78,146.02,174.69,659.62,73.09
16.04.2026 19:15,16.04.2026 17:15,7135.25,155.53,4886.49,3453.43,167.41,342.51,775.41,272.31,607.83,146.22,144.41,661.81,73.23
16.04.2026 19:30,16.04.2026 17:30,7235.36,155.04,4878.45,3485.27,167.84,343.13,792.27,113.96,594.21,146.22,180.70,659.25,73.00
16.04.2026 19:45,16.04.2026 17:45,7269.28,154.48,4846.38,3571.67,169.19,342.91,792.49,72.56,729.24,146.02,186.60,661.62,73.22
16.04.2026 20:00,16.04.2026 18:00,6918.76,153.15,4882.16,3673.82,164.12,344.43,804.98,0.00,678.50,142.72,196.60,661.34,73.15
16.04.2026 20:15,16.04.2026 18:15,6992.65,153.46,5003.25,3647.91,164.38,340.54,780.78,0.00,700.16,142.32,153.26,660.42,72.99
16.04.2026 20:30,16.04.2026 18:30,7156.55,153.36,4901.76,3698.61,163.55,341.48,784.65,0.00,749.25,142.32,190.81,660.57,73.10
16.04.2026 20:45,16.04.2026 18:45,7040.67,153.44,4875.66,3609.90,165.63,341.82,769.97,0.00,695.87,142.22,184.87,658.90,72.94
16.04.2026 21:00,16.04.2026 19:00,6938.52,154.15,4857.39,3551.99,169.51,339.27,773.23,0.00,616.52,106.76,164.78,664.52,73.53
16.04.2026 21:15,16.04.2026 19:15,7007.97,153.91,4867.84,3550.84,168.63,341.22,764.87,0.00,499.40,106.46,156.62,665.45,73.57
16.04.2026 21:30,16.04.2026 19:30,6913.28,153.03,4867.77,3582.18,169.98,336.74,759.15,0.00,576.20,106.56,155.05,663.73,73.45
16.04.2026 21:45,16.04.2026 19:45,6776.89,153.63,4848.60,3335.13,169.15,337.90,743.42,0.00,530.60,106.46,105.72,659.06,72.99
16.04.2026 22:00,16.04.2026 20:00,6815.27,149.88,4922.19,3468.63,167.30,333.35,815.82,0.00,356.00,103.69,29.02,641.25,71.42
16.04.2026 22:15,16.04.2026 20:15,6895.35,149.56,4921.26,3527.05,166.73,332.49,932.11,0.00,437.50,103.89,29.02,637.46,71.01
16.04.2026 22:30,16.04.2026 20:30,6807.02,150.01,4912.43,3529.82,166.42,337.56,866.40,0.00,377.10,103.89,29.02,642.77,71.51
16.04.2026 22:45,16.04.2026 20:45,6844.22,150.13,4688.87,3489.51,166.68,337.63,785.71,0.00,308.20,103.79,29.02,643.83,71.63
16.04.2026 23:00,16.04.2026 21:00,6712.43,149.83,4644.45,3456.31,167.21,338.86,761.11,0.00,0.00,101.82,28.35,644.55,71.78
16.04.2026 23:15,16.04.2026 21:15,6641.08,149.59,4543.15,3225.15,168.24,340.18,790.48,0.00,0.00,102.02,28.35,644.32,71.72
16.04.2026 23:30,16.04.2026 21:30,6628.91,149.86,4452.50,3319.40,166.63,337.14,762.82,0.00,0.00,101.72,28.35,647.00,72.01
16.04.2026 23:45,16.04.2026 21:45,6654.80,150.45,4404.95,3356.53,167.52,333.77,739.48,0.00,0.00,101.82,28.35,645.47,71.77
17.04.2026 00:00,16.04.2026 22:00,6623.05,151.46,4255.34,3509.56,168.54,332.66,757.03,0.00,0.00,100.41,28.44,637.63,70.41
17.04.2026 00:15,16.04.2026 22:15,6804.84,151.48,4368.46,3212.33,165.46,334.21,699.99,0.00,0.00,100.61,28.44,636.88,70.32
17.04.2026 00:30,16.04.2026 22:30,6724.77,150.07,4178.31,3140.01,165.94,335.09,691.80,0.00,0.00,100.81,28.44,639.53,70.71
17.04.2026 00:45,16.04.2026 22:45,6798.96,149.86,4307.29,3192.77,165.32,333.00,671.32,0.00,0.00,100.61,28.44,636.01,70.38
17.04.2026 01:00,16.04.2026 23:00,6776.92,151.51,4225.52,3349.89,166.17,336.13,665.73,0.00,0.00,100.37,28.39,635.60,70.33
17.04.2026 01:15,16.04.2026 23:15,6737.01,153.06,4218.46,3262.68,166.95,336.14,679.59,0.00,0.00,100.57,28.39,637.24,70.47
17.04.2026 01:30,16.04.2026 23:30,6676.02,153.65,4221.45,3197.96,167.06,339.01,684.70,0.00,0.00,100.37,28.39,640.53,70.81
17.04.2026 01:45,16.04.2026 23:45,6736.47,154.65,4226.93,3158.99,166.16,334.50,688.55,0.00,0.00,100.37,28.39,632.23,69.90
17.04.2026 02:00,17.04.2026 00:00,6901.27,155.46,4264.91,3045.42,166.11,337.51,689.09,0.00,0.00,100.48,28.41,633.09,70.01
17.04.2026 02:15,17.04.2026 00:15,6872.81,155.26,4193.23,3146.23,167.36,336.46,767.92,0.00,0.00,100.58,28.41,635.49,70.31
17.04.2026 02:30,17.04.2026 00:30,6912.13,155.21,4266.07,3079.85,168.13,334.55,829.97,0.00,0.00,100.78,28.41,631.00,69.82
17.04.2026 02:45,17.04.2026 00:45,6909.59,154.95,4210.44,3081.05,167.09,338.07,845.18,0.00,0.00,100.48,28.41,634.06,70.16
17.04.2026 03:00,17.04.2026 01:00,6849.47,154.08,4206.60,2920.25,167.59,336.88,790.63,0.00,0.00,100.41,28.44,633.49,70.11
17.04.2026 03:15,17.04.2026 01:15,6833.80,154.57,4206.80,3022.67,168.32,336.15,810.73,0.00,0.00,100.51,28.44,634.86,70.22
17.04.2026 03:30,17.04.2026 01:30,6873.07,154.22,4213.74,2991.68,170.40,337.80,801.05,0.00,0.00,100.51,28.44,636.16,70.40
17.04.2026 03:45,17.04.2026 01:45,6923.01,157.13,4217.61,3007.68,170.29,341.69,800.82,0.00,0.00,100.41,28.44,640.30,70.79
17.04.2026 04:00,17.04.2026 02:00,6976.60,159.96,4251.85,3084.26,170.87,338.10,838.50,0.00,0.00,100.07,28.42,640.92,70.87
17.04.2026 04:15,17.04.2026 02:15,6966.93,159.17,4243.35,3114.33,170.87,340.09,854.69,0.00,0.00,100.27,28.42,640.89,70.84
17.04.2026 04:30,17.04.2026 02:30,6962.39,157.82,4337.87,3165.22,170.09,337.43,912.99,0.00,0.00,100.27,28.42,640.72,70.89
17.04.2026 04:45,17.04.2026 02:45,6994.27,159.46,4433.71,3363.91,171.50,337.20,1025.84,0.00,0.00,100.37,28.42,637.94,70.61
17.04.2026 05:00,17.04.2026 03:00,7041.31,159.70,4477.18,3335.31,173.76,334.85,1015.43,0.00,0.00,101.52,28.70,638.07,70.74
17.04.2026 05:15,17.04.2026 03:15,7015.53,159.40,4524.30,3164.22,173.82,337.39,1003.42,24.02,0.00,101.02,28.70,640.90,71.08
17.04.2026 05:30,17.04.2026 03:30,7063.55,157.65,4493.02,3367.34,173.87,331.60,1025.18,45.22,0.00,99.06,27.89,631.89,66.36
17.04.2026 05:45,17.04.2026 03:45,6959.69,158.38,4522.33,3539.50,175.94,335.74,1012.45,136.08,162.90,101.32,48.65,640.64,71.01
17.04.2026 06:00,17.04.2026 04:00,6854.59,162.51,4628.65,3514.88,175.87,340.09,964.10,313.55,217.10,114.15,109.03,645.72,71.23
17.04.2026 06:15,17.04.2026 04:15,6884.22,161.10,4548.82,3648.18,175.92,334.65,977.51,622.13,376.69,113.95,112.76,648.51,71.38
17.04.2026 06:30,17.04.2026 04:30,6926.50,159.30,4615.12,3698.74,179.05,338.67,1010.55,1010.23,346.04,114.45,112.69,649.02,71.49
17.04.2026 06:45,17.04.2026 04:45,6978.83,160.81,4549.18,3697.11,176.53,335.18,1014.54,1657.46,374.53,114.05,119.73,644.12,70.85
17.04.2026 07:00,17.04.2026 05:00,7034.38,160.08,4521.64,3696.23,176.18,333.95,988.18,2274.32,456.39,121.54,122.04,645.32,71.00
17.04.2026 07:15,17.04.2026 05:15,6874.44,160.22,4408.90,3666.64,174.84,336.75,871.31,3055.26,456.42,121.14,121.96,638.87,70.44
17.04.2026 07:30,17.04.2026 05:30,6751.48,156.30,4399.07,3478.92,173.44,334.81,724.16,3688.39,440.50,121.14,115.14,639.79,70.58
17.04.2026 07:45,17.04.2026 05:45,6750.95,155.52,4386.00,3422.76,172.56,337.41,610.26,4677.12,438.30,120.94,116.34,642.08,70.71
17.04.2026 08:00,17.04.2026 06:00,6803.36,152.28,4372.57,3498.32,171.49,335.57,496.90,5413.11,141.40,122.58,46.46,635.89,70.16
17.04.2026 08:15,17.04.2026 06:15,6770.42,150.47,4398.41,3108.47,171.75,334.65,482.06,6384.43,141.80,122.18,46.47,633.98,69.99
17.04.2026 08:30,17.04.2026 06:30,6431.50,153.55,4012.16,3270.81,170.19,329.07,473.01,7260.64,0.00,122.38,35.74,634.30,70.05
17.04.2026 08:45,17.04.2026 06:45,6293.21,153.31,3596.61,3037.65,170.66,330.98,476.19,8079.39,0.00,122.48,35.74,636.74,70.26
17.04.2026 09:00,17.04.2026 07:00,6146.29,151.70,3409.46,2373.27,169.01,324.53,518.30,8926.42,0.00,110.97,31.93,627.69,69.47
17.04.2026 09:15,17.04.2026 07:15,5567.44,150.28,2967.35,2035.03,167.60,325.56,555.40,9505.39,0.00,111.17,31.93,623.40,69.22
17.04.2026 09:30,17.04.2026 07:30,5180.66,150.41,2545.51,1996.83,167.54,327.50,569.34,10595.85,0.00,110.37,31.93,624.59,69.31
17.04.2026 09:45,17.04.2026 07:45,4987.81,150.37,2575.06,1730.20,167.08,327.91,613.28,10766.67,0.00,111.17,31.93,623.99,69.28
17.04.2026 10:00,17.04.2026 08:00,5071.47,145.33,2626.45,1700.93,166.17,313.55,641.16,10961.89,0.00,109.55,31.59,608.98,68.11
17.04.2026 10:15,17.04.2026 08:15,4883.90,145.12,2528.47,1624.56,166.68,314.68,710.72,11291.16,0.00,109.85,31.59,607.44,67.94
17.04.2026 10:30,17.04.2026 08:30,4898.42,145.31,2505.98,1623.82,167.26,314.13,812.21,11518.84,0.00,110.05,31.59,611.07,68.33
17.04.2026 10:45,17.04.2026 08:45,4839.17,145.22,2502.78,1624.55,162.89,312.78,918.93,12167.56,0.00,109.65,31.59,598.12,66.94
17.04.2026 11:00,17.04.2026 09:00,4989.05,144.40,2496.12,1626.77,160.36,299.81,1025.87,12658.41,0.00,100.79,28.62,585.67,65.92
17.04.2026 11:15,17.04.2026 09:15,4799.93,146.08,2492.30,1604.08,161.45,289.48,1059.22,12603.71,0.00,100.79,28.62,587.02,66.02
17.04.2026 11:30,17.04.2026 09:30,4804.39,143.36,2498.84,1605.78,160.09,287.81,1159.29,12693.43,0.00,100.89,28.62,585.81,65.85
17.04.2026 11:45,17.04.2026 09:45,4793.87,144.26,2499.98,1600.93,159.58,291.23,1223.16,12582.57,0.00,100.79,28.62,580.93,65.36
17.04.2026 12:00,17.04.2026 10:00,4935.28,146.23,2631.20,1631.31,159.78,292.86,1227.20,11908.86,0.00,101.11,28.63,580.94,65.28
17.04.2026 12:15,17.04.2026 10:15,4938.10,145.69,2619.89,1634.20,159.51,293.84,1282.11,11769.78,0.00,101.01,28.63,583.38,65.56
17.04.2026 12:30,17.04.2026 10:30,4959.00,144.09,2637.24,1638.59,159.21,292.38,1321.34,11393.83,0.00,101.21,28.63,581.26,65.42
17.04.2026 12:45,17.04.2026 10:45,5011.54,145.07,2659.32,1642.04,160.09,288.53,1353.93,10960.12,0.00,101.01,28.63,574.68,64.73
17.04.2026 13:00,17.04.2026 11:00,5160.10,143.86,2676.39,1729.81,159.45,290.94,1401.78,10570.28,0.00,101.30,28.63,569.75,64.36
17.04.2026 13:15,17.04.2026 11:15,5446.47,143.97,2676.13,1792.60,159.02,288.92,1377.43,10588.66,0.00,101.00,28.63,571.23,64.44
17.04.2026 13:30,17.04.2026 11:30,5478.05,144.25,2653.58,1657.70,158.25,289.19,1448.79,10699.76,0.00,100.80,28.63,570.37,64.36
17.04.2026 13:45,17.04.2026 11:45,5446.80,142.40,2692.29,1926.87,156.64,288.95,1469.92,9907.61,0.00,101.00,28.63,572.70,64.64
17.04.2026 14:00,17.04.2026 12:00,5001.52,144.15,2508.10,1616.73,158.63,291.20,1602.02,10749.91,0.00,100.98,28.57,572.61,64.61
17.04.2026 14:15,17.04.2026 12:15,4984.44,144.75,2509.28,1611.39,157.14,290.50,1630.38,10973.70,0.00,100.68,28.57,573.58,64.78
17.04.2026 14:30,17.04.2026 12:30,5019.72,145.44,2506.16,1610.60,159.47,290.00,1670.68,10100.74,0.00,101.18,28.57,577.36,65.17
17.04.2026 14:45,17.04.2026 12:45,5057.58,145.87,2504.52,1605.74,160.00,294.32,1738.83,11088.90,0.00,101.08,28.57,577.49,65.19
17.04.2026 15:00,17.04.2026 13:00,5035.92,149.29,2504.02,1610.22,160.07,295.36,1685.62,10870.88,0.00,101.10,28.57,585.29,65.44
17.04.2026 15:15,17.04.2026 13:15,4795.05,149.19,2517.03,1612.20,160.65,295.73,1767.75,10058.34,0.00,100.90,28.57,585.11,65.42
17.04.2026 15:30,17.04.2026 13:30,4904.61,147.94,2594.29,1629.75,160.07,297.48,1851.00,9446.07,0.00,100.90,28.57,585.09,65.41
17.04.2026 15:45,17.04.2026 13:45,5026.93,147.60,2661.26,1682.42,159.98,305.05,1850.92,9643.78,0.00,100.80,28.57,599.53,66.88
17.04.2026 16:00,17.04.2026 14:00,5011.17,151.34,2403.05,1680.93,166.47,308.47,1836.50,9209.36,0.00,110.78,31.97,621.32,68.74
17.04.2026 16:15,17.04.2026 14:15,5069.93,151.83,2430.87,1690.20,165.91,307.81,1855.12,9331.51,0.00,110.88,31.97,629.36,69.60
17.04.2026 16:30,17.04.2026 14:30,5090.43,153.22,2506.68,1709.62,165.69,308.81,1945.93,8274.91,0.00,111.08,31.97,620.10,68.61
17.04.2026 16:45,17.04.2026 14:45,5304.00,153.59,2645.05,1840.95,166.94,317.56,1890.32,7010.53,0.00,111.38,31.97,629.35,69.46
17.04.2026 17:00,17.04.2026 15:00,5348.85,154.13,2950.70,1892.65,167.77,317.49,1853.83,6701.02,0.00,116.91,34.00,634.08,69.92
17.04.2026 17:15,17.04.2026 15:15,5547.21,154.16,3291.30,1948.53,171.21,318.36,1896.68,5978.85,0.00,117.00,34.00,631.54,69.72
17.04.2026 17:30,17.04.2026 15:30,5790.55,154.13,3525.86,2298.47,171.83,316.17,1884.49,5330.05,0.00,117.11,34.00,624.89,69.04
17.04.2026 17:45,17.04.2026 15:45,6326.86,154.13,3752.05,2534.91,172.09,324.67,1812.14,4324.56,164.30,116.81,34.00,642.73,70.87
17.04.2026 18:00,17.04.2026 16:00,6417.00,153.74,3721.54,2597.61,171.73,327.62,1713.09,3488.45,619.10,123.20,36.08,642.60,70.84
17.04.2026 18:15,17.04.2026 16:15,6316.59,152.88,3850.92,2513.98,171.84,330.83,1622.45,2478.45,570.00,122.90,36.08,643.53,70.91
17.04.2026 18:30,17.04.2026 16:30,6747.46,151.98,3877.90,2847.17,173.14,332.02,1530.02,1763.51,663.00,122.80,36.08,644.95,71.04
17.04.2026 18:45,17.04.2026 16:45,6682.23,149.27,3839.74,3181.07,174.91,333.00,1460.64,1161.32,605.90,123.10,198.03,645.83,71.17
17.04.2026 19:00,17.04.2026 17:00,6754.71,152.85,3812.56,3441.23,169.90,333.71,1400.65,775.17,952.55,139.57,302.80,649.22,71.13
17.04.2026 19:15,17.04.2026 17:15,6684.37,152.54,3866.59,3406.84,169.17,333.03,1354.04,391.98,811.64,139.97,299.87,648.97,71.08
17.04.2026 19:30,17.04.2026 17:30,6731.13,152.54,3839.93,3449.72,165.90,333.48,1313.94,177.41,896.65,139.97,303.16,647.83,70.94
17.04.2026 19:45,17.04.2026 17:45,6861.52,153.05,3859.52,3492.23,167.46,335.40,1401.37,62.75,772.12,139.47,311.96,650.34,71.23
17.04.2026 20:00,17.04.2026 18:00,6766.81,153.08,3883.61,3516.18,168.84,336.78,1486.92,0.00,729.08,136.42,301.96,647.26,70.90
17.04.2026 20:15,17.04.2026 18:15,6787.38,154.74,3911.02,3505.14,168.38,338.44,1528.56,0.00,698.00,136.22,314.94,642.26,70.33
17.04.2026 20:30,17.04.2026 18:30,6793.77,154.05,3866.86,3525.26,168.95,335.76,1610.99,0.00,696.20,136.32,313.66,641.98,70.37
17.04.2026 20:45,17.04.2026 18:45,7113.65,155.83,3868.73,3553.85,170.46,337.38,1638.25,0.00,724.90,136.12,323.06,642.21,70.39
17.04.2026 21:00,17.04.2026 19:00,7099.12,155.21,3929.69,3485.80,169.03,334.19,1701.29,0.00,608.30,104.66,179.00,640.54,70.17
17.04.2026 21:15,17.04.2026 19:15,6904.40,156.09,3844.19,3487.18,169.29,333.00,1728.22,0.00,640.30,105.16,158.59,641.15,70.26
17.04.2026 21:30,17.04.2026 19:30,6740.89,156.30,3940.52,3289.06,171.43,335.14,1750.83,0.00,640.50,105.06,158.52,644.71,70.66
17.04.2026 21:45,17.04.2026 19:45,6656.13,157.12,3852.15,3131.77,171.95,336.15,1746.04,0.00,553.60,104.76,158.94,642.25,70.40
17.04.2026 22:00,17.04.2026 20:00,6817.09,153.66,3843.08,3181.15,170.88,336.56,1716.81,0.00,480.80,102.12,28.93,637.83,70.33
17.04.2026 22:15,17.04.2026 20:15,6976.99,153.73,3845.13,3272.64,172.60,336.06,1628.99,0.00,325.10,102.22,28.93,639.14,70.53
